NU_INSCRICAO;NU_ANO;TP_FAIXA_ETARIA;TP_SEXO;TP_ESTADO_CIVIL;TP_COR_RACA;TP_NACIONALIDADE;TP_ST_CONCLUSAO;TP_ANO_CONCLUIU;TP_ESCOLA;TP_ENSINO;IN_TREINEIRO;CO_MUNICIPIO_ESC;NO_MUNICIPIO_ESC;CO_UF_ESC;SG_UF_ESC;TP_DEPENDENCIA_ADM_ESC;TP_LOCALIZACAO_ESC;TP_SIT_FUNC_ESC;CO_MUNICIPIO_PROVA;NO_MUNICIPIO_PROVA;CO_UF_PROVA;SG_UF_PROVA;TP_PRESENCA_CN;TP_PRESENCA_CH;TP_PRESENCA_LC;TP_PRESENCA_MT;CO_PROVA_CN;CO_PROVA_CH;CO_PROVA_LC;CO_PROVA_MT;NU_NOTA_CN;NU_NOTA_CH;NU_NOTA_LC;NU_NOTA_MT;TX_RESPOSTAS_CN;TX_RESPOSTAS_CH;TX_RESPOSTAS_LC;TX_RESPOSTAS_MT;TP_LINGUA;TX_GABARITO_CN;TX_GABARITO_CH;TX_GABARITO_LC;TX_GABARITO_MT;TP_STATUS_REDACAO;NU_NOTA_COMP1;NU_NOTA_COMP2;NU_NOTA_COMP3;NU_NOTA_COMP4;NU_NOTA_COMP5;NU_NOTA_REDACAO;Q001;Q002;Q003;Q004;Q005;Q006;Q007;Q008;Q009;Q010;Q011;Q012;Q013;Q014;Q015;Q016;Q017;Q018;Q019;Q020;Q021;Q022;Q023;Q024;Q025
210057943671;2022;14;M;2;2;1;1;2;1;;0;;;;;;;;5300108;Brasília;53;DF;0;0;0;0;;;;;;;;;;;;;0;;;;;;;;;;;;A;A;A;B;3;B;B;B;B;B;B;B;A;B;B;B;A;A;A;A;A;A;A;A;A
210057516120;2022;14;M;2;1;1;1;16;1;;0;;;;;;;;5300108;Brasília;53;DF;0;0;0;0;;;;;;;;;;;;;0;;;;;;;;;;;;D;D;E;E;3;Q;D;E;E;E;E;E;E;E;E;E;E;B;E;B;B;E;B;E;B
210057280536;2022;5;F;1;2;1;1;2;1;;0;;;;;;;;2925758;Presidente Tancredo Neves;29;BA;1;1;1;1;1087;1056;1066;1078;421.1;546;498.8;565.3;DCDCEBADDABEDBCBEAEACCDDECEEBECBECAAECDDDDBCE;DBDABCADADECACBDCCEDACCCECDDABDCEADABCBCBAEAB;ABEABADCCADCAAAACDADDCECBAAACADABDEBCBCAAACEB;BDEBACECBCAEBABEDBABDACBCABCDEDEADBAABCBEACCD;1;DDECDBEACCAEBEAEBBCCDDCBDDACBEACEABCEABEDADBA;ECBABCDDAAECBCBECAEBAEACDEEDABBCDDEABCEDAAADB;DECDBDCEAADDBCABEDCAAADCCECEEBABEEAAABDBCCCABEECBB;BEEDAEABDDCEBDBAAAAACXCBCCCBCCDBDEECBDCABEECD;1;140;200;120;140;160;760;E;F;A;D;2;B;A;B;C;A;A;B;B;A;A;A;A;A;A;A;A;C;A;A;B
210055724397;2022;6;M;1;3;1;1;2;1;;0;;;;;;;;3201308;Cariacica;32;ES;1;1;1;1;1088;1058;1067;1077;490.7;388.6;357.8;416;BACBBABBCAABCABBCBACBCBCBACABACABCBDBCBABAACA;BBCAACACDCABCBACCABABCBACBCABBBBBABCBACCBCBBA;ABACCCCBCBAADABBBACABBAABACCBCBBCDCACABABCAAC;BBBACCBABABBBBACDABBBBABCCBBCABBBBAACABBACBCB;1;DDCBBCCDDAADBAABEDABCEEAEBAEBECBDDEBEACCEACCD;CEDAAADBAECBCDDADEABCBECAEEDAEBABBCDECBABEACD;CDBEDACDEACAABDBDBDDCABEEECEABECABEEAAACBBEBADCCCC;CCCCBXCBABECBEABDDDBDECDBDCAACEECCEBDBAAAEDAE;1;120;40;40;100;20;320;C;A;A;B;3;A;A;C;D;A;A;B;A;B;A;B;A;A;C;A;A;C;B;B;B
210055097896;2022;4;M;0;3;1;1;1;1;;0;;;;;;;;1506203;Salinópolis;15;PA;0;0;0;0;;;;;;;;;;;;;0;;;;;;;;;;;;D;B;A;B;2;B;A;B;B;A;A;B;A;A;A;A;A;A;A;A;A;B;A;A;A
210057850231;2022;5;F;1;3;1;1;2;1;;0;;;;;;;;3304557;Rio de Janeiro;33;RJ;0;0;0;0;;;;;;;;;;;;;1;;;;;;;;;;;;E;C;B;B;4;C;A;C;C;A;A;B;B;B;A;B;A;A;C;A;B;D;A;A;B
210056305481;2022;4;M;1;2;1;1;2;1;;0;;;;;;;;2611606;Recife;26;PE;0;0;0;0;;;;;;;;;;;;;0;;;;;;;;;;;;B;B;B;B;3;B;A;B;D;A;A;B;A;A;A;A;A;A;C;A;A;C;A;A;B
210055778089;2022;6;F;1;2;1;1;0;1;;0;;;;;;;;3304904;São Gonçalo;33;RJ;1;1;1;1;1086;1055;1065;1076;398.1;427.3;400.2;404.9;CBCCDBCACACABBDAEACBCBBCBCBABBBBDDCBCCCACACDB;BABACCABCBADEABDDBABDEBABDABABCEDCBBDADECACAC;DACECBAEAABBEAACDCCBAEBEBABCCDCBEEDAABDCADBEB;DBCCABCCBCEEBCECBEBEACAABACBBBCBCBBCAEBACEBBC;1;EACDDEBEACCCDABCEECBBCCAEBEDABEADBADDCBDDAAEB;DEABEEDAEBAAECBECBABCDDAAADBCEDAEACDBBCDCBECA;DCBDEEDCAAEAAACABBDBEBACCBEEECCBBDCAAADCCABEDBDECE;DBAAACEBEDAECCBECDEECBDCABECBEABDDCCDBDXCBAAC;1;100;120;80;100;40;440;E;E;B;B;5;B;A;B;C;B;A;C;B;A;A;B;A;A;C;A;A;E;A;A;B
210057252239;2022;8;F;1;3;1;1;0;1;;0;;;;;;;;2901007;Amargosa;29;BA;0;0;0;0;;;;;;;;;;;;;1;;;;;;;;;;;;A;D;A;A;5;B;A;B;C;A;A;B;A;A;A;A;A;A;B;A;A;B;A;A;B
210055461467;2022;4;F;1;3;1;1;1;1;;0;;;;;;;;2601201;Arcoverde;26;PE;1;1;1;1;1087;1056;1066;1078;467.5;461;466.7;435.3;ACEAACADAEBADDCCACACBBCDEDEDABDBDAACBCBBDCACB;EAAABEADCDDCEAACDCAECACDCBAECAECEDCABCEDDDBAE;ECEABCBECEDACADABDCBDEEBBABEBCDAABBBDABCDACBE;BEBCCCABABCCDCCCBECEBEDEACBEDCBBDCDCDBADACBAA;1;DDECDBEACCAEBEAEBBCCDDCBDDACBEACEABCEABEDADBA;ECBABCDDAAECBCBECAEBAEACDEEDABBCDDEABCEDAAADB;DECDBDCEAADDBCABEDCAAADCCECEEBABEEAAABDBCCCABEECBB;BEEDAEABDDCEBDBAAAAACXCBCCCBCCDBDEECBDCABEECD;1;80;80;80;80;40;360;E;E;B;B;2;B;A;B;B;A;A;B;A;A;A;A;A;A;B;A;A;B;A;A;B
210055665589;2022;4;F;1;3;1;1;2;1;;0;;;;;;;;2510808;Patos;25;PB;0;0;0;0;;;;;;;;;;;;;1;;;;;;;;;;;;E;B;A;A;5;A;A;B;C;A;A;B;A;A;A;A;A;A;B;A;A;B;A;A;B
210054972570;2022;2;F;1;1;1;2;0;3;1;0;;;;;;;;2804508;Nossa Senhora da Glória;28;SE;1;1;1;1;1086;1055;1065;1076;458.7;539.8;488.2;456.8;DDDDDBCDDDBDDADDDDDDDDDADDDBDDCDDDDDDDDDDEDDD;AEAADEDEDDADDDDEDDDBDDDDADDBDDDDDDDDDEDDBBDDD;EABAAEAAAAAAAAEAAACAAAABCABAAAAAADDDDCADAAAAA;DDDDDCDEEDDCCDDDDADCDCDDDDDBDADDDDDDDCDDDDEDD;1;EACDDEBEACCCDABCEECBBCCAEBEDABEADBADDCBDDAAEB;DEABEEDAEBAAECBECBABCDDAAADBCEDAEACDBBCDCBECA;DCBDEEDCAAEAAACABBDBEBACCBEEECCBBDCAAADCCABEDBDECE;DBAAACEBEDAECCBECDEECBDCABECBEABDDCCDBDXCBAAC;1;160;200;180;200;200;940;E;E;B;A;4;B;A;B;C;A;B;B;A;A;A;A;A;A;B;A;A;C;A;A;B
210055449344;2022;4;M;1;2;1;1;1;1;;0;;;;;;;;2927408;Salvador;29;BA;0;0;0;0;;;;;;;;;;;;;1;;;;;;;;;;;;D;B;F;A;2;B;A;B;B;A;A;B;A;A;A;A;A;A;B;A;A;B;A;B;B
210057944037;2022;6;F;1;3;1;1;0;1;;0;;;;;;;;3550308;São Paulo;35;SP;0;0;0;0;;;;;;;;;;;;;1;;;;;;;;;;;;C;E;C;D;4;C;A;B;B;A;A;B;A;A;A;B;A;A;B;A;A;D;A;A;B
210054861834;2022;7;M;1;2;2;1;3;1;;0;;;;;;;;5103403;Cuiabá;51;MT;0;0;0;0;;;;;;;;;;;;;1;;;;;;;;;;;;E;E;B;B;3;C;A;B;C;A;B;B;A;B;B;B;A;A;B;A;B;C;A;B;B
210055201589;2022;8;F;1;3;1;2;0;2;1;0;2802106;Estância;28;SE;2;1;1;2802106;Estância;28;SE;0;0;0;0;;;;;;;;;;;;;1;;;;;;;;;;;;B;C;B;B;2;B;A;B;B;A;A;B;A;A;A;A;A;A;B;A;A;C;A;A;B
210056844882;2022;5;F;1;2;1;1;0;1;;0;;;;;;;;2910057;Dias d'Ávila;29;BA;0;0;0;0;;;;;;;;;;;;;0;;;;;;;;;;;;A;D;B;B;4;B;A;B;C;A;A;B;A;A;A;A;A;A;B;A;A;B;A;A;B
210056065100;2022;2;F;1;3;1;3;0;1;;1;;;;;;;;3510500;Caraguatatuba;35;SP;1;1;1;1;1086;1055;1065;1076;396.8;528.7;551.4;536;ABEACDCACEADBDBDBAEBCDCABBBEDCBEBDACDAAECEDAE;CEABADCEDEBAECBADABBCDBDAAEDCEDBABCACBEDAEDEA;CCBDBECEAECBDDECACCDBACECCBADBCAADACCCDDBCEDE;CABACCAEEAABEDCCCBBECCBAEBEBCCDBDBAEDEDABEAEB;0;EACDDEBEACCCDABCEECBBCCAEBEDABEADBADDCBDDAAEB;DEABEEDAEBAAECBECBABCDDAAADBCEDAEACDBBCDCBECA;DCBDEEDCAAEAAACABBDBEBACCBEEECCBBDCAAADCCABEDBDECE;DBAAACEBEDAECCBECDEECBDCABECBEABDDCCDBDXCBAAC;1;140;180;100;140;80;640;G;F;F;F;2;B;A;B;C;B;A;B;A;B;A;B;A;A;B;A;A;C;B;B;B
210057551883;2022;8;F;1;2;1;1;5;1;;0;;;;;;;;3137007;Ladainha;31;MG;1;1;1;1;1088;1058;1067;1077;481.4;603.6;589;695;DDCDACAEDAEDDBBDABACDCACBBECBBECABDCEBECDABAC;DBDAAADEDEBBCDEADEABDBBCECDDADBAEEDDECBDBBACE;ACDEACEBBDBEBEAAADEEECDBDEAAADEABACBBCBCDCCCC;CEBBBECAACBBBEAADDEEBDADBBDAABDEACABBEACAECAC;1;DDCBBCCDDAADBAABEDABCEEAEBAEBECBDDEBEACCEACCD;CEDAAADBAECBCDDADEABCBECAEEDAEBABBCDECBABEACD;CDBEDACDEACAABDBDBDDCABEEECEABECABEEAAACBBEBADCCCC;CCCCBXCBABECBEABDDDBDECDBDCAACEECCEBDBAAAEDAE;1;140;200;160;160;200;860;B;F;A;D;6;B;A;B;E;B;B;B;A;B;A;A;A;A;B;A;A;D;A;A;B
210054722657;2022;2;F;1;1;1;3;0;1;;1;;;;;;;;3302403;Macaé;33;RJ;0;0;0;0;;;;;;;;;;;;;0;;;;;;;;;;;;D;B;F;D;5;D;D;C;D;B;B;B;A;B;A;B;A;A;C;B;B;E;A;A;B
210055739197;2022;1;F;1;3;1;3;0;1;;1;;;;;;;;2604007;Carpina;26;PE;1;1;1;1;1086;1055;1065;1076;466.5;476.2;488.3;462.7;CCDDCEEABDDDCABEDBEABCCBBCCEEDDEBCBCBDEBEECDB;BEADADABEEABDBBDBEABCDCBBEEECCABDBEACDDDAEDCE;CCDDBEEDAEDBCDEBECCDDAEDBCEDCAABEDDCECADBACAE;CBDCABEDEBABBEDBAEABCDDBDEBAAECBEDDBBCADCCECA;0;EACDDEBEACCCDABCEECBBCCAEBEDABEADBADDCBDDAAEB;DEABEEDAEBAAECBECBABCDDAAADBCEDAEACDBBCDCBECA;DCBDEEDCAAEAAACABBDBEBACCBEEECCBBDCAAADCCABEDBDECE;DBAAACEBEDAECCBECDEECBDCABECBEABDDCCDBDXCBAAC;4;0;0;0;0;0;0;H;E;C;B;6;B;A;B;C;A;A;B;A;B;A;A;A;A;B;A;A;D;A;B;B
210056627737;2022;5;F;1;3;1;1;2;1;;0;;;;;;;;2606804;Igarassu;26;PE;0;0;0;0;;;;;;;;;;;;;1;;;;;;;;;;;;C;E;B;C;3;C;A;B;D;A;A;B;A;A;A;A;A;A;B;A;A;C;A;B;B
210056235859;2022;4;F;1;1;1;1;0;1;;0;;;;;;;;3302007;Itaguaí;33;RJ;1;1;1;1;1088;1058;1067;1077;493.8;498.2;527;343;CAEDABEDDCBABCDEDAACBEADCBCEADBDDCEBABACDBEAC;DBDBAEACDEEBBDEADEADECBDABCEDABBEACDBCDCBDDCE;AACEECAACDBDBDCBABECEAADDCEABCECEACEBBADDECAB;EDBCEADBCAEBDBCDEACBDAECDABECEDCBBAECDACEABDE;1;DDCBBCCDDAADBAABEDABCEEAEBAEBECBDDEBEACCEACCD;CEDAAADBAECBCDDADEABCBECAEEDAEBABBCDECBABEACD;CDBEDACDEACAABDBDBDDCABEEECEABECABEEAAACBBEBADCCCC;CCCCBXCBABECBEABDDDBDECDBDCAACEECCEBDBAAAEDAE;1;120;120;120;120;160;640;B;D;D;B;2;B;A;C;C;B;A;B;B;B;A;B;A;A;B;B;A;C;A;B;B
210057706656;2022;4;M;1;3;1;1;1;1;;0;;;;;;;;2304400;Fortaleza;23;CE;1;1;1;1;1087;1056;1066;1078;476;559.2;607.3;625.4;CBAACCAAACBAEECBCCDCDEDEECEECEABDCBDEEDBBAECA;EABABADDDBCCBABDCEEEADAAEEAAAEBCCCCACBEDABDEE;CAEAADDBCAEAECEAADACACEACBAEEAAABEECECABCECBD;BDECACABDACADAACCDADEDCBDCCDEBCBEEBCADABBBDBA;1;DDECDBEACCAEBEAEBBCCDDCBDDACBEACEABCEABEDADBA;ECBABCDDAAECBCBECAEBAEACDEEDABBCDDEABCEDAAADB;DECDBDCEAADDBCABEDCAAADCCECEEBABEEAAABDBCCCABEECBB;BEEDAEABDDCEBDBAAAAACXCBCCCBCCDBDEECBDCABEECD;1;140;160;120;160;180;760;E;E;B;B;3;E;A;C;C;B;A;B;B;B;A;A;A;A;C;A;A;B;A;A;B
210055059648;2022;8;F;1;3;1;1;6;1;;0;;;;;;;;3151800;Poços de Caldas;31;MG;0;0;0;0;;;;;;;;;;;;;1;;;;;;;;;;;;B;B;F;A;1;B;A;B;C;A;A;B;A;B;A;B;A;A;B;A;A;B;A;B;B
210055139127;2022;5;M;1;3;1;1;4;1;;0;;;;;;;;2905909;Campo Alegre de Lourdes;29;BA;1;1;1;1;1086;1055;1065;1076;386.5;458.5;479.7;383.1;DEBCDCEBDEBACDCBADBCECBEBDECADBD*BCDAEDCEDBAD;CAEBEDDAEDADBCDBDAABDBEAEDACCBACBDCEBDEDCACDE;BCEBEBDEBAACDBEDEACDEAEEBECBDEBEADACACBCBDECD;ABDCDABDCDECEBACECDCBAEBCADBCEADDBECBACEBAECE;0;EACDDEBEACCCDABCEECBBCCAEBEDABEADBADDCBDDAAEB;DEABEEDAEBAAECBECBABCDDAAADBCEDAEACDBBCDCBECA;DCBDEEDCAAEAAACABBDBEBACCBEEECCBBDCAAADCCABEDBDECE;DBAAACEBEDAECCBECDEECBDCABECBEABDDCCDBDXCBAAC;1;100;120;80;120;100;520;C;C;A;A;5;C;A;B;D;A;B;B;A;A;A;B;A;A;A;A;A;A;A;A;B
210057454355;2022;2;F;1;3;1;2;0;2;1;0;;;;;;;;3556503;Várzea Paulista;35;SP;0;0;0;0;;;;;;;;;;;;;1;;;;;;;;;;;;C;C;F;F;8;D;A;C;D;B;A;B;B;B;A;B;A;A;C;A;A;E;A;A;B
210057728624;2022;7;M;1;2;1;1;3;1;;0;;;;;;;;2930501;Serrinha;29;BA;1;1;1;1;1086;1055;1065;1076;414.6;518.2;596.5;573.4;EBCDAACABEABDCABDAECBADACDBAEDCEBBDEAEDAAEBDD;DCACEECAEBADECAACBBBBADCECDEACCADBBEBDABBEDCA;DCBDEEAEAAACCDBCBECDEEEECCBBDCEAEEBCADADBAEDE;AACCECBEEDDCDEBDADCCBEEBDCABBDABDCCEAEDBAEBCD;0;EACDDEBEACCCDABCEECBBCCAEBEDABEADBADDCBDDAAEB;DEABEEDAEBAAECBECBABCDDAAADBCEDAEACDBBCDCBECA;DCBDEEDCAAEAAACABBDBEBACCBEEECCBBDCAAADCCABEDBDECE;DBAAACEBEDAECCBECDEECBDCABECBEABDDCCDBDXCBAAC;1;120;160;120;120;120;640;E;E;D;B;3;B;A;C;C;B;A;B;B;B;A;B;A;A;B;B;A;D;A;B;B
210057043682;2022;6;M;1;3;1;1;2;1;;0;;;;;;;;2412005;São Gonçalo do Amarante;24;RN;0;0;0;0;;;;;;;;;;;;;0;;;;;;;;;;;;H;B;F;B;2;C;A;B;C;A;A;B;B;B;A;A;A;A;B;A;A;C;A;A;B
210057510589;2022;11;F;1;5;1;1;8;1;;0;;;;;;;;2603009;Cabrobó;26;PE;1;1;1;1;1087;1056;1066;1078;437;505.2;438.6;615.3;AEBDECABEBBCCBDBBBBECDCCBEAEAEAEBADBBCDCCEDBC;DDEABCEEDBEAEEECEACEADECACEDADACDBAACAEACAADA;DEDEDDDDBDCADECEADDBEEDBBCEEBEEDDEBEEBCBBECEB;BBEDABEBDACDEBBCECEABECBCBCABCDCDBCBCDBCBBDAA;0;DDECDBEACCAEBEAEBBCCDDCBDDACBEACEABCEABEDADBA;ECBABCDDAAECBCBECAEBAEACDEEDABBCDDEABCEDAAADB;DECDBDCEAADDBCABEDCAAADCCECEEBABEEAAABDBCCCABEECBB;BEEDAEABDDCEBDBAAAAACXCBCCCBCCDBDEECBDCABEECD;1;80;40;40;100;40;300;H;H;A;A;4;B;A;B;D;A;A;B;A;A;A;A;A;A;A;A;A;B;A;A;B
210056235916;2022;3;F;1;3;1;1;1;1;;0;;;;;;;;1302504;Manacapuru;13;AM;1;1;1;1;1086;1055;1065;1076;576.5;590.6;601.4;744.6;EBDCADCAAECCCABCADADBCEAABCBCEAECAABDCDEDADDC;AEACCDDAACADDCEEDDCBECDBAAEBCEEAAACDEBDDBBCCE;ECEACEAAACEBBCBCBDCCBACECCBAAAAEEDACADEEBDEAE;DBDAACEBEBACECABCCEEDCACABACBCAEDABEACCCBBBBC;1;EACDDEBEACCCDABCEECBBCCAEBEDABEADBADDCBDDAAEB;DEABEEDAEBAAECBECBABCDDAAADBCEDAEACDBBCDCBECA;DCBDEEDCAAEAAACABBDBEBACCBEEECCBBDCAAADCCABEDBDECE;DBAAACEBEDAECCBECDEECBDCABECBEABDDCCDBDXCBAAC;1;140;120;120;120;140;640;E;E;B;D;4;G;A;C;D;A;B;B;B;B;B;A;A;A;C;A;B;D;A;C;B
210054534656;2022;12;M;1;1;1;1;0;1;;0;;;;;;;;4307005;Erechim;43;RS;1;1;1;1;1085;1057;1068;1075;385.5;415.9;415.6;352.4;DAEDDEEBDCEBACCEADEAACBADCCBAEEDCADEDBDAACECD;DDDCEBAABCCBDCBCCABBEBDDDEDDEBAAAABBCBBBCBBBB;DBEDBEEEDAADCACCEDADBDBACACDEADBACEBEDAACBCAE;CBEACDCDBACACCBBACAADCDEBADEABEDACCEABCADCBCD;0;ADBADABEABCEEEACCBDDADDCBBCCAEBAEBEBEACCCDDDE;CBECABBCDEACDCEDAAADBCDDAECBABAECBEBAEEDADEAB;BDECDAADCECCCDCCEBACBBAAAEECABABEECEBEEDCADBDBDBAA;ECDABEBDCEECDBDCCCCBCXCBAACDBAAACEBABDDEDAEBE;1;80;80;100;80;20;360;A;F;F;E;1;B;A;B;E;A;A;B;A;B;A;A;A;A;B;B;B;B;A;A;B
210056338475;2022;8;F;1;3;1;1;5;1;;0;;;;;;;;2919207;Lauro de Freitas;29;BA;0;0;0;0;;;;;;;;;;;;;1;;;;;;;;;;;;B;E;A;B;2;B;A;B;C;A;A;B;A;A;A;A;A;A;B;A;A;B;A;A;B
210057182714;2022;10;F;1;1;1;1;7;1;;0;;;;;;;;4314902;Porto Alegre;43;RS;1;1;1;1;1085;1057;1068;1075;495;422;600.1;536.3;EDEABCEACDEBBECDDCDCACCDECDBCDADCDCBDDBACCDCE;BCBCDABACDEBDDAABBCCDEEDDBAACCBACDDEAEECCDECB;BDECDCCCDACEBECBCABAEEDABAEDEDEBACCADADDBAEAD;DCBDBBBDAEAADCEDACCBAAEBECDCBCBBCEBCACBEBECDE;0;ADBADABEABCEEEACCBDDADDCBBCCAEBAEBEBEACCCDDDE;CBECABBCDEACDCEDAAADBCDDAECBABAECBEBAEEDADEAB;BDECDAADCECCCDCCEBACBBAAAEECABABEECEBEEDCADBDBDBAA;ECDABEBDCEECDBDCCCCBCXCBAACDBAAACEBABDDEDAEBE;1;160;200;160;120;120;760;E;E;B;B;3;E;A;B;B;A;A;B;A;B;A;B;A;A;B;A;A;D;A;B;B
210056212765;2022;14;F;3;3;1;1;14;1;;0;;;;;;;;1200401;Rio Branco;12;AC;0;0;0;0;;;;;;;;;;;;;1;;;;;;;;;;;;B;A;A;B;4;B;A;B;C;A;B;B;A;A;A;A;A;A;B;A;A;B;A;A;B
210056917096;2022;7;M;1;1;1;1;5;1;;0;;;;;;;;2611903;Rio Formoso;26;PE;0;0;0;0;;;;;;;;;;;;;0;;;;;;;;;;;;C;D;B;B;5;C;A;B;D;A;A;B;A;A;A;B;A;A;B;A;A;A;A;A;B
210056185147;2022;7;F;1;3;1;1;0;1;;0;;;;;;;;2111300;São Luís;21;MA;1;1;1;1;1085;1057;1068;1075;466.9;477.8;360.9;446.4;DBEBACDEAECBCEDBEBCEDCDEBAEEADBAABDDADBDCEAEB;EAAEECAEDAAECCEDAAAECAECEABEBBDACAEBBABAEBBAD;DEDCABBDDBAAECAABABBDBBABCDEAECBACEBCECCACEAB;BCDBADACBDCEBDCDCACEBAEAECCDCCDEACEAEAADCECBE;0;ADBADABEABCEEEACCBDDADDCBBCCAEBAEBEBEACCCDDDE;CBECABBCDEACDCEDAAADBCDDAECBABAECBEBAEEDADEAB;BDECDAADCECCCDCCEBACBBAAAEECABABEECEBEEDCADBDBDBAA;ECDABEBDCEECDBDCCCCBCXCBAACDBAAACEBABDDEDAEBE;1;120;120;120;100;80;540;B;D;A;A;4;B;A;B;C;A;B;B;A;A;A;A;A;A;B;A;A;B;A;A;B
210056368452;2022;12;F;1;3;1;1;16;1;;0;;;;;;;;1302603;Manaus;13;AM;1;1;1;1;1085;1057;1068;1075;504.7;555.4;572.9;474.7;ACCABECAEBBBBCCEEBBEACDCBCCCEDBBCDCCACADCAECE;AAACADACBCACDCEDAABDCCDDBBBCBBDEBCDDABDAEDCAB;BDEDBCCBDAAABCCBDBBAEEBABADAEAECEEEADDBDBDBCE;EBBCABBBADCBBDCACBAECAEEBBEAACAEACEBACCEBACBD;0;ADBADABEABCEEEACCBDDADDCBBCCAEBAEBEBEACCCDDDE;CBECABBCDEACDCEDAAADBCDDAECBABAECBEBAEEDADEAB;BDECDAADCECCCDCCEBACBBAAAEECABABEECEBEEDCADBDBDBAA;ECDABEBDCEECDBDCCCCBCXCBAACDBAAACEBABDDEDAEBE;1;120;40;40;120;40;360;E;E;D;B;4;D;A;B;D;A;A;B;A;B;A;A;A;A;B;A;A;E;A;B;B
210057293916;2022;11;F;1;3;1;1;13;1;;0;;;;;;;;2611606;Recife;26;PE;1;1;1;1;1085;1057;1068;1075;386;458.6;406.1;408.5;EBBAACEAECBBDCEDCBDABADDDACECDBEACECDBDDACADD;DCDBAEBCDAAED..ADAECAEBDABECABEBCAEACDACEBACB;EAACBAEDDBCADEBEBBEDCBEAADACDBDAAEDBACDCADBCE;DBDCBBCDADEBECACBDADBCDBACBCDBDBCECBABDBDCCAE;1;ADBADABEABCEEEACCBDDADDCBBCCAEBAEBEBEACCCDDDE;CBECABBCDEACDCEDAAADBCDDAECBABAECBEBAEEDADEAB;BDECDAADCECCCDCCEBACBBAAAEECABABEECEBEEDCADBDBDBAA;ECDABEBDCEECDBDCCCCBCXCBAACDBAAACEBABDDEDAEBE;1;100;100;100;120;0;420;B;E;C;B;2;D;A;B;C;A;A;B;A;B;A;B;A;A;B;A;A;C;A;A;B
210056471537;2022;3;F;1;1;1;1;1;1;;0;;;;;;;;3550209;São Miguel Arcanjo;35;SP;1;1;1;1;1086;1055;1065;1076;436.1;546.6;496.4;568.4;CEEACBBACAAACABDABBDDACDDABBBCDDCCEBDCDDDBADC;DEAAAADAEEADCCDCDBABCADEABCCCEDAEADDCDCCDCCEB;ECCAADEEAAEDDEBACECEBBCECCDBDAEABDCACCDCBEBED;CACCECAEECACDADDEACBCBCDBCDBBEBCDBDADBCDDBBBC;1;EACDDEBEACCCDABCEECBBCCAEBEDABEADBADDCBDDAAEB;DEABEEDAEBAAECBECBABCDDAAADBCEDAEACDBBCDCBECA;DCBDEEDCAAEAAACABBDBEBACCBEEECCBBDCAAADCCABEDBDECE;DBAAACEBEDAECCBECDEECBDCABECBEABDDCCDBDXCBAAC;1;80;120;80;100;80;460;C;E;A;B;4;C;A;B;C;B;A;B;A;A;A;A;A;A;B;A;A;C;A;B;B
210056717205;2022;5;F;1;3;1;2;0;2;1;0;2301109;Aracati;23;CE;2;1;1;2301109;Aracati;23;CE;1;1;1;1;1085;1057;1068;1075;436.7;420;512.6;430.4;ECCCEEADACACABCADCDDBCDCCDEBCBDABBBBABADDCACB;CBDCADBCDDCCBDCCBADCCEBBDCCDAADBCCCBBCCEDCACC;EACBECCDDABCECCDBCDAEEDCBACBADCBBBDDBCBDDCEAC;BEEACABCBEEECEEEAEAACDCABCDBCBBDDBAACAABCAAAE;1;ADBADABEABCEEEACCBDDADDCBBCCAEBAEBEBEACCCDDDE;CBECABBCDEACDCEDAAADBCDDAECBABAECBEBAEEDADEAB;BDECDAADCECCCDCCEBACBBAAAEECABABEECEBEEDCADBDBDBAA;ECDABEBDCEECDBDCCCCBCXCBAACDBAAACEBABDDEDAEBE;1;120;120;100;120;100;560;C;D;C;B;4;B;A;B;C;A;A;B;A;A;A;A;A;A;B;A;A;C;A;A;B
210054839231;2022;4;F;1;3;1;1;1;1;;0;;;;;;;;1500800;Ananindeua;15;PA;1;1;1;1;1088;1058;1067;1077;402.1;465.3;346.3;460.6;ABCAEAEEDDBBDEDADCDCBBBECBACBDEEEEDCDBADBDEAD;AEEDAEEEAEEEAECBDABDEABBECADAEEBEEAEEABABCAEC;DADCADADBEDDCAABDEACDEDDDCAEDEDECECAEBEAAEEEB;EDEBEAECEECEBDDDACDCEBADCBAEDCAA.EDEAACAEEAEB;1;DDCBBCCDDAADBAABEDABCEEAEBAEBECBDDEBEACCEACCD;CEDAAADBAECBCDDADEABCBECAEEDAEBABBCDECBABEACD;CDBEDACDEACAABDBDBDDCABEEECEABECABEEAAACBBEBADCCCC;CCCCBXCBABECBEABDDDBDECDBDCAACEECCEBDBAAAEDAE;1;120;40;40;120;40;360;E;E;C;B;3;C;A;C;C;A;A;B;A;B;A;B;A;A;B;A;A;B;A;A;B
210056590629;2022;5;F;1;3;1;1;3;1;;0;;;;;;;;3118601;Contagem;31;MG;1;1;1;1;1087;1056;1066;1078;470.2;340.6;492.3;496.6;ABEDCBAADBECBBAECABCCBBDCCADACDAAEBDDADBEDBCA;CDACDBEBCCBDAEBABBCBEDCEAACCBAACCDCDAACDECCAA;CAEDADCECAECAEDCADEDDADEBDAABCDACDCCCBADBECEA;BEEAACDBCCACCBADCDAAADBCDABEACBBACCBAAABDECCD;1;DDECDBEACCAEBEAEBBCCDDCBDDACBEACEABCEABEDADBA;ECBABCDDAAECBCBECAEBAEACDEEDABBCDDEABCEDAAADB;DECDBDCEAADDBCABEDCAAADCCECEEBABEEAAABDBCCCABEECBB;BEEDAEABDDCEBDBAAAAACXCBCCCBCCDBDEECBDCABEECD;1;120;200;120;120;160;720;C;B;B;B;2;B;A;B;C;A;A;B;B;B;A;B;A;A;B;A;A;C;A;A;B
210055243739;2022;4;F;1;1;1;2;0;2;1;0;;;;;;;;5300108;Brasília;53;DF;1;1;1;1;1085;1057;1068;1075;390.1;537.7;442.7;441.4;EADAABBECDDBABEEABBEADBCAABAAABBCDADCEBBADBCD;EBCCCADCDCDCCAECAAABAAEDBEAEBEEBBEDEAEDDAEBAC;ABEBECCBDEDDBBCCBCCADDBEDDDBCDDAACBABCCCCECAE;CDBABEBDBACADBCCBADEDAC.BABDACCCCEABB*DECDCDA;1;ADBADABEABCEEEACCBDDADDCBBCCAEBAEBEBEACCCDDDE;CBECABBCDEACDCEDAAADBCDDAECBABAECBEBAEEDADEAB;BDECDAADCECCCDCCEBACBBAAAEECABABEECEBEEDCADBDBDBAA;ECDABEBDCEECDBDCCCCBCXCBAACDBAAACEBABDDEDAEBE;1;80;120;120;140;140;600;D;D;B;C;4;C;A;B;C;A;A;B;A;B;A;A;A;A;B;A;A;C;A;A;B
210056524758;2022;5;F;2;1;1;1;2;1;;0;;;;;;;;3304557;Rio de Janeiro;33;RJ;0;1;1;0;;1056;1066;;;547;571.6;;;EAEABAEDADDCABADCEBBAACECCADEADDDAAAECEDAAACB;EEEAADDBCADACCCADDADEDEDECBACBEADDBCAAABBECBB;;1;;ECBABCDDAAECBCBECAEBAEACDEEDABBCDDEABCEDAAADB;DECDBDCEAADDBCABEDCAAADCCECEEBABEEAAABDBCCCABEECBB;;1;120;120;100;120;120;580;E;B;B;B;2;B;B;B;B;A;A;B;B;A;A;B;A;A;B;A;A;C;A;B;B
210056561591;2022;7;M;1;3;1;2;0;2;1;0;;;;;;;;1507607;São Miguel do Guamá;15;PA;1;1;1;1;1088;1058;1067;1077;462.7;523.8;509.1;526.6;CDCBEEDEEAECEBBBDCBCBBDBBBECBBDCCDDCDACCAADDD;ABDAAEEABECECEBCDBABCADCAEACECDAEEDCEACDEAADB;EBBEAAADCAEDBAEAABEBEACADAECBEEECADDBAABDDBCB;EEBAAAECEECEBBABABACDDACACAEBDEECAAEBCCAEEAAB;1;DDCBBCCDDAADBAABEDABCEEAEBAEBECBDDEBEACCEACCD;CEDAAADBAECBCDDADEABCBECAEEDAEBABBCDECBABEACD;CDBEDACDEACAABDBDBDDCABEEECEABECABEEAAACBBEBADCCCC;CCCCBXCBABECBEABDDDBDECDBDCAACEECCEBDBAAAEDAE;1;120;120;100;100;80;520;B;B;A;A;2;B;A;C;E;B;A;B;A;A;A;A;A;A;B;A;A;C;A;A;B
210055982054;2022;4;F;1;3;1;1;1;1;;0;;;;;;;;2700300;Arapiraca;27;AL;1;1;1;1;1087;1056;1066;1078;522.2;520.2;532.8;488;CDEACCADDAAEACDDEACCACBBDDAECDAACDAAEDCABECAD;EBEBCAADCCBCEBCBCEEBAAEDDCDABCADDDEACBECABABD;EAEDDCEECACACDCCADAAECAADAEAE.BABDECCECBEECBB;BEDBCCAAABDBEBCCDDAACDBCCBBBCECBDAABDAEDCCADD;0;DDECDBEACCAEBEAEBBCCDDCBDDACBEACEABCEABEDADBA;ECBABCDDAAECBCBECAEBAEACDEEDABBCDDEABCEDAAADB;DECDBDCEAADDBCABEDCAAADCCECEEBABEEAAABDBCCCABEECBB;BEEDAEABDDCEBDBAAAAACXCBCCCBCCDBDEECBDCABEECD;1;120;120;100;120;80;540;C;B;C;A;1;B;A;B;B;A;A;B;A;A;A;A;A;A;A;A;A;B;A;A;B
210056971736;2022;4;F;1;1;1;1;2;1;;0;;;;;;;;3548500;Santos;35;SP;1;1;1;1;1085;1057;1068;1075;518.1;553.2;549.8;542.5;ABDABB.AACEEEDEDDCEDACDDBDECBDEADBCAABACBAACB;AEDCEEAEDCDCAEDDAAABAADDADABABEECCACACDDADCAC;ABDEECCDDECCABCBBBEEBECDAAEADDEBACDAADBDDDECA;DCDACDADBDDCAACDCBEBCEECBACBADCEBDEEEDBEAAECB;1;ADBADABEABCEEEACCBDDADDCBBCCAEBAEBEBEACCCDDDE;CBECABBCDEACDCEDAAADBCDDAECBABAECBEBAEEDADEAB;BDECDAADCECCCDCCEBACBBAAAEECABABEECEBEEDCADBDBDBAA;ECDABEBDCEECDBDCCCCBCXCBAACDBAAACEBABDDEDAEBE;1;120;100;120;120;80;540;D;E;B;B;4;B;A;B;C;B;A;B;A;B;A;B;A;A;B;A;A;C;A;A;B
210054569187;2022;7;M;1;3;1;1;4;1;;0;;;;;;;;3143906;Muriaé;31;MG;1;1;1;1;1088;1058;1067;1077;542.3;618.7;576.2;593.2;CEECBCADCAEBCAEBADAAEEBCBADCABEDDCAAAABAEABCE;EEDAAADEEDBBAEDAAEABCAECEEDDBCDABBDEECAAEEACD;CDCCBCAABDBAEDDEBBACCCEACADABEEABADBBDEBDDCCC;DCBBDBAECCBBBCACDADBBCCDCADCDCEBCBBBAACBEBCAC;0;DDCBBCCDDAADBAABEDABCEEAEBAEBECBDDEBEACCEACCD;CEDAAADBAECBCDDADEABCBECAEEDAEBABBCDECBABEACD;CDBEDACDEACAABDBDBDDCABEEECEABECABEEAAACBBEBADCCCC;CCCCBXCBABECBEABDDDBDECDBDCAACEECCEBDBAAAEDAE;1;140;180;140;200;180;840;B;E;B;B;4;C;A;B;C;B;A;B;A;A;A;A;A;A;B;A;A;C;A;B;B
210056803896;2022;3;F;1;2;1;2;0;2;1;0;;;;;;;;2910057;Dias d'Ávila;29;BA;1;1;1;1;1085;1057;1068;1075;400.1;379.5;383.1;405.9;BECBDCBBECADCDACEDAEBACEDAAAEECBCADEAACDBDDBB;BDCEBBDDBABADCBDEDEBEDABACBDACDEBDDCBCACCBDAB;ADDDECECECBBEDDBEADCCEEBACDDACBEEDCDBAABDCDAE;CDBDECEBCDBADCEBDEBBBACCECBEABAEECACBDADEEBAC;1;ADBADABEABCEEEACCBDDADDCBBCCAEBAEBEBEACCCDDDE;CBECABBCDEACDCEDAAADBCDDAECBABAECBEBAEEDADEAB;BDECDAADCECCCDCCEBACBBAAAEECABABEECEBEEDCADBDBDBAA;ECDABEBDCEECDBDCCCCBCXCBAACDBAAACEBABDDEDAEBE;4;0;0;0;0;0;0;A;D;C;B;4;B;A;B;C;A;A;B;A;A;A;A;A;A;B;A;A;B;A;A;B
210055902786;2022;10;M;1;1;1;1;8;1;;0;;;;;;;;2606002;Garanhuns;26;PE;1;1;1;1;1085;1057;1068;1075;539.7;642.6;648.6;603.7;BACBEEBBCBCACDBCDCDCACEDCBCCCBEAADBBBCECDDCBD;DBDCDBBDDBADDCBDAAADBADDAECBCCDECBDDACDDADEAB;BDECDCCCDACEBACBADAAAEDDBAEAECEBEADCEEBDBDEAA;CDADDBCBCDCCBECDBDBBEAEBEACAAEBACBAEADAEEACBB;0;ADBADABEABCEEEACCBDDADDCBBCCAEBAEBEBEACCCDDDE;CBECABBCDEACDCEDAAADBCDDAECBABAECBEBAEEDADEAB;BDECDAADCECCCDCCEBACBBAAAEECABABEECEBEEDCADBDBDBAA;ECDABEBDCEECDBDCCCCBCXCBAACDBAAACEBABDDEDAEBE;1;100;120;120;120;100;560;C;C;A;A;3;C;A;B;C;B;A;B;A;A;A;A;A;A;B;A;A;B;A;A;B
210057955129;2022;9;F;1;3;1;1;0;1;;0;;;;;;;;5219308;Santa Helena de Goiás;52;GO;0;1;1;0;;1055;1065;;;504;373.7;;;BEACBDDCEDADABBCBBACABEBAAEEDEBACADAABCEBAADD;ECBAACCEBEEBCEBADCBDBACBCACABBDCADAECBABCACDB;;1;;DEABEEDAEBAAECBECBABCDDAAADBCEDAEACDBBCDCBECA;DCBDEEDCAAEAAACABBDBEBACCBEEECCBBDCAAADCCABEDBDECE;;1;120;120;120;120;60;540;B;B;A;A;8;C;A;B;D;A;A;B;A;A;A;A;A;A;B;A;A;B;A;A;B
210055178497;2022;9;M;1;2;1;1;6;1;;0;;;;;;;;2802403;Gararu;28;SE;1;1;1;1;1086;1055;1065;1076;498.5;340.1;364.4;572.6;CBBDDCBBBDCDBDBEBAEDBBCCDDEEEEBEDBBAACCEDDDDC;AAEBBDDBBADDDBBDEEAACCEECCBEAACCEEAAEAADDBEEE;.....EEEDADCDDEBBBBBBEEECDEAADDAACCDDAABAAADD;ABDACACAECBDCCBBEEDDAADCCEECCAADDCCBBEEBBCCAA;1;EACDDEBEACCCDABCEECBBCCAEBEDABEADBADDCBDDAAEB;DEABEEDAEBAAECBECBABCDDAAADBCEDAEACDBBCDCBECA;DCBDEEDCAAEAAACABBDBEBACCBEEECCBBDCAAADCCABEDBDECE;DBAAACEBEDAECCBECDEECBDCABECBEABDDCCDBDXCBAAC;1;120;140;120;120;80;580;D;A;C;A;5;B;A;C;C;A;A;B;A;A;A;A;A;A;B;A;A;C;A;B;B
210057317800;2022;6;F;1;3;1;1;3;1;;0;;;;;;;;3301876;Iguaba Grande;33;RJ;1;1;1;1;1086;1055;1065;1076;554.9;461.9;482.4;483;EABACECABACBDABDBCEBDBCABDBBECBABEECDAEDACAEC;DACCCADEDDAECBEEACBBEEEAADABABBBCAACCECAEEEEA;BEBAEDCDABAABDEBDBBEBACECDBDCACADDECEDCBBABAE;BADAACDEECBAABEBDDDBAAAAABBBCEADCDBCADBADBECB;1;EACDDEBEACCCDABCEECBBCCAEBEDABEADBADDCBDDAAEB;DEABEEDAEBAAECBECBABCDDAAADBCEDAEACDBBCDCBECA;DCBDEEDCAAEAAACABBDBEBACCBEEECCBBDCAAADCCABEDBDECE;DBAAACEBEDAECCBECDEECBDCABECBEABDDCCDBDXCBAAC;1;120;200;160;120;120;720;C;C;B;B;3;B;A;B;B;B;A;B;A;A;A;A;A;A;B;A;A;B;A;B;B
210056544605;2022;4;F;1;3;1;1;1;1;;0;;;;;;;;2202208;Campo Maior;22;PI;1;1;1;1;1088;1058;1067;1077;411.1;378.5;373.1;414.4;CECCBEBEAACBBACBBDEABACBDCEABBECADBCADBCAECDB;EBCDAEEEDDBDCEAADCBDDADEEBAACEBCBADCDBEADBABD;DEBCEDCCBAEBDCDEABACEECACADBDDADBCDAADCABEDEC;DBDBDDECECBBCDAACBACBCBEEDABCCEACDBADBCBCDAB*;0;DDCBBCCDDAADBAABEDABCEEAEBAEBECBDDEBEACCEACCD;CEDAAADBAECBCDDADEABCBECAEEDAEBABBCDECBABEACD;CDBEDACDEACAABDBDBDDCABEEECEABECABEEAAACBBEBADCCCC;CCCCBXCBABECBEABDDDBDECDBDCAACEECCEBDBAAAEDAE;1;120;120;120;120;0;480;C;C;C;B;3;A;A;B;C;A;B;B;A;A;A;B;A;A;B;A;B;B;A;A;B
210056012033;2022;3;F;1;1;1;2;0;2;1;0;3550308;São Paulo;35;SP;4;1;1;3515004;Embu das Artes;35;SP;1;1;1;1;1086;1055;1065;1076;819.5;684.9;657.8;905.5;EAEDCECEACCCDABCCECBBCCAEBEDABEADBAEBCBDDABEB;DEABEEDAEDAEECBECBCCCDDAAADBCECAEABDEBDDBBBCA;DCBDEEABACABBDBCBACCDAEECCBDECAAADCBACEDDEADE;DBAAACEBEDAECCBEDDDEDBDCBDBCBEEBDDCCDBCECBAAC;0;EACDDEBEACCCDABCEECBBCCAEBEDABEADBADDCBDDAAEB;DEABEEDAEBAAECBECBABCDDAAADBCEDAEACDBBCDCBECA;DCBDEEDCAAEAAACABBDBEBACCBEEECCBBDCAAADCCABEDBDECE;DBAAACEBEDAECCBECDEECBDCABECBEABDDCCDBDXCBAAC;1;160;200;160;180;200;900;D;F;B;D;4;E;A;B;C;B;A;B;B;B;A;A;A;A;B;A;A;E;A;B;B
210056401456;2022;4;F;1;1;1;1;1;1;;0;;;;;;;;3304557;Rio de Janeiro;33;RJ;1;1;1;1;1088;1058;1067;1077;420.6;503.9;546.5;393;AECCCEABEDABDBAACBADDEBCABDABCEACDDAACDBBCADD;CBCDAAECDCBEACECCAABDCACBECCBEDADEAAECEBBDACB;AADEDCEEBD.DADCDCBAA.ECADACABEEEBACCBBAEDBCCE;CDBDECAECD*ACCDCCABDBBADABECBABCDBEECBADEBDAC;1;DDCBBCCDDAADBAABEDABCEEAEBAEBECBDDEBEACCEACCD;CEDAAADBAECBCDDADEABCBECAEEDAEBABBCDECBABEACD;CDBEDACDEACAABDBDBDDCABEEECEABECABEEAAACBBEBADCCCC;CCCCBXCBABECBEABDDDBDECDBDCAACEECCEBDBAAAEDAE;1;160;160;140;160;200;820;A;A;A;A;5;B;B;C;A;A;A;A;A;A;A;A;A;A;A;A;A;A;A;A;A
210056292241;2022;2;M;1;3;1;2;0;2;1;0;5208608;Goianésia;52;GO;2;1;1;5208608;Goianésia;52;GO;1;1;1;1;1085;1057;1068;1075;442.4;579.2;582.7;551.9;ECBBAABCAABEEEBDACDDEBABCAADEBAEADBBDCAEACEDA;DAACABBCDBADDDEDAAABCCDDBEABCCDDBBDBBCDEADCAB;BDEDDCCBDADCBECBDEAAEEBABAC*BDEBAEDDCAEDBDBEB;CBECAABDBDDABBDDEBAEBDEAABEADECECEBEADBECACAE;0;ADBADABEABCEEEACCBDDADDCBBCCAEBAEBEBEACCCDDDE;CBECABBCDEACDCEDAAADBCDDAECBABAECBEBAEEDADEAB;BDECDAADCECCCDCCEBACBBAAAEECABABEECEBEEDCADBDBDBAA;ECDABEBDCEECDBDCCCCBCXCBAACDBAAACEBABDDEDAEBE;1;120;180;140;140;160;740;C;D;F;C;4;F;B;E;D;B;A;B;A;C;A;A;A;A;C;A;A;E;A;C;B
210056613607;2022;5;F;1;3;1;1;3;1;;0;;;;;;;;2917508;Jacobina;29;BA;1;1;1;1;1087;1056;1066;1078;380.5;476.1;412.4;500.4;DDDDECABBBBCBEDDBAAEEDBDCCBCDECCDBDADDECBDEEC;BDBABADDAEEEDEEDEBAEAAEDABBEAEEEAAAACBBDDAEEC;AEBAAAEDBACAAACCBBBCECCAEEAEDCEDADAEAABABDCAB;BDEEACACCDCAEBDCEEBADDDDEDADABEBCDDADCDEECBDB;1;DDECDBEACCAEBEAEBBCCDDCBDDACBEACEABCEABEDADBA;ECBABCDDAAECBCBECAEBAEACDEEDABBCDDEABCEDAAADB;DECDBDCEAADDBCABEDCAAADCCECEEBABEEAAABDBCCCABEECBB;BEEDAEABDDCEBDBAAAAACXCBCCCBCCDBDEECBDCABEECD;1;120;120;80;120;80;520;D;C;C;A;5;B;A;B;C;A;B;B;A;A;A;B;A;A;B;A;A;C;A;A;B
210054772114;2022;3;F;1;3;1;2;0;2;2;0;1506807;Santarém;15;PA;2;1;1;1506807;Santarém;15;PA;1;1;1;1;1085;1057;1068;1075;461.4;485.9;448.9;433.6;EACCADCBABDBDDADDCACCCACCBBCAAADDBBCCCADAAEDE;EEDCAEDEDCABCBBADAACECECDDAAABDCCBCCBBCEEBCAB;BBBCEBEADCDDDEDEEDBAEEEEBDDABCEAECEDEDDDDAEAD;CBCADBEECCBEABBECC*CCEBAEACEADBBDAEEECDEDCCAB;1;ADBADABEABCEEEACCBDDADDCBBCCAEBAEBEBEACCCDDDE;CBECABBCDEACDCEDAAADBCDDAECBABAECBEBAEEDADEAB;BDECDAADCECCCDCCEBACBBAAAEECABABEECEBEEDCADBDBDBAA;ECDABEBDCEECDBDCCCCBCXCBAACDBAAACEBABDDEDAEBE;1;120;160;120;100;20;520;E;E;C;F;2;B;A;B;C;A;A;B;A;A;A;A;A;A;C;A;A;A;A;A;B
210054659789;2022;2;F;0;3;1;3;0;1;;1;;;;;;;;2304400;Fortaleza;23;CE;1;1;1;1;1087;1056;1066;1078;458.9;462.8;458.9;506.2;CADDDCEACBEABDEDBCEBDDCBBAACEDBEACBCABEABAABC;EEACAEDCBDADBBCEEAEDACAECDBDAADEBCCDBACAAAECC;BAEAAADCCABDCDEEEABBCBCAADAEECEACCBCBAECCBCCB;CEEDACCDEEBCBBDACACDEBAACEAABDCBEBCABBECABBDD;1;DDECDBEACCAEBEAEBBCCDDCBDDACBEACEABCEABEDADBA;ECBABCDDAAECBCBECAEBAEACDEEDABBCDDEABCEDAAADB;DECDBDCEAADDBCABEDCAAADCCECEEBABEEAAABDBCCCABEECBB;BEEDAEABDDCEBDBAAAAACXCBCCCBCCDBDEECBDCABEECD;1;160;120;160;120;100;660;E;E;E;C;4;E;A;B;C;A;B;B;A;B;A;A;A;A;B;B;A;D;A;E;B
210055836851;2022;5;F;1;2;1;2;0;2;;0;3303500;Nova Iguaçu;33;RJ;2;1;1;3305554;Seropédica;33;RJ;0;1;1;0;;1057;1068;;;429.2;337.4;;;CDCCDACCCEEACDCADACBADAADDEEEBBABABCBDBDBADAE;BDDABCBDEEBCBDADEEDDBBBDADEBAAADCDEABABDDCDDE;;1;;CBECABBCDEACDCEDAAADBCDDAECBABAECBEBAEEDADEAB;BDECDAADCECCCDCCEBACBBAAAEECABABEECEBEEDCADBDBDBAA;;1;120;80;80;100;100;480;H;C;F;B;5;C;A;B;C;A;A;B;A;B;A;A;A;A;B;B;A;D;A;A;B
210054885597;2022;2;M;1;1;1;2;0;2;1;0;;;;;;;;5002704;Campo Grande;50;MS;0;0;0;0;;;;;;;;;;;;;0;;;;;;;;;;;;F;F;D;D;3;H;A;D;D;C;A;B;C;C;A;B;A;B;C;B;B;E;A;B;B
210056564302;2022;2;F;1;3;1;3;0;1;;1;;;;;;;;2913903;Ipiaú;29;BA;1;1;1;1;1085;1057;1068;1075;463.8;531.9;543.8;360.5;EBCDAACAABBDCECDEBBEBCDDEBBCAEBADDECBDEEBEBDB;DCCCEBAEDDADCAEDAAEECAEDCEBBEBDEBCAEAEBCBCAAC;BDDCDCCEDBEABEDBBAEABBBECCEAECCBAEDCCBBEBDADA;BAECDADEACADEBABDDECBADAACBEABDECBEDABCBEEDAB;0;ADBADABEABCEEEACCBDDADDCBBCCAEBAEBEBEACCCDDDE;CBECABBCDEACDCEDAAADBCDDAECBABAECBEBAEEDADEAB;BDECDAADCECCCDCCEBACBBAAAEECABABEECEBEEDCADBDBDBAA;ECDABEBDCEECDBDCCCCBCXCBAACDBAAACEBABDDEDAEBE;1;120;120;120;120;20;500;C;D;C;B;2;C;A;B;C;A;B;B;A;A;A;A;A;A;B;A;A;C;A;A;B
210054520678;2022;13;F;1;1;1;1;16;1;;0;;;;;;;;2910800;Feira de Santana;29;BA;0;0;0;0;;;;;;;;;;;;;1;;;;;;;;;;;;F;B;D;B;4;B;A;C;C;A;A;B;A;B;A;A;A;A;B;A;A;D;A;A;B
210057055338;2022;3;M;1;3;1;1;1;1;;0;;;;;;;;5211206;Itapuranga;52;GO;0;0;0;0;;;;;;;;;;;;;0;;;;;;;;;;;;E;D;D;C;2;D;A;B;C;A;A;B;B;B;A;B;A;A;B;B;A;C;A;B;B
210057988969;2022;3;F;1;3;1;2;0;2;1;0;;;;;;;;3550308;São Paulo;35;SP;1;1;1;1;1088;1058;1067;1077;437.8;461.3;492.2;477.1;AACDEACADBBACBECACEEBBCCDBBCBBEAAEBBADADEAEAA;CBABAAEECABADEEAADACEACCEEDEAEDBAEADCACABBDDE;ABBAEDEBCDBDBDDDAAECEEAADAEBBBCAAACCEBEDDBBCA;DEABBCEECCACBEDEAABBECEEBBBEAECABDBEDAEAAEEBB;0;DDCBBCCDDAADBAABEDABCEEAEBAEBECBDDEBEACCEACCD;CEDAAADBAECBCDDADEABCBECAEEDAEBABBCDECBABEACD;CDBEDACDEACAABDBDBDDCABEEECEABECABEEAAACBBEBADCCCC;CCCCBXCBABECBEABDDDBDECDBDCAACEECCEBDBAAAEDAE;1;120;160;120;140;120;660;C;F;B;D;4;B;A;B;C;A;A;B;B;A;A;B;A;A;B;A;A;D;A;B;A
210055580862;2022;3;M;1;1;1;2;0;2;1;0;3305802;Teresópolis;33;RJ;2;1;1;3305802;Teresópolis;33;RJ;1;1;1;1;1085;1057;1068;1075;427.8;485;557.5;438;EBDBBABDCBDBECEBAADEADAECECCCCBECADCABADAEBDB;AACCEEECEDDEDCBBEAAEDCCDAEAEACDBBAABBAADBDEAC;AACEECCBDACEEACBDABABEBEBADDCEEAACDEADACBDEDA;DCAEDBDDEEACADCDBDDEEDCDBAEBCDCCBBCEDAEECECCE;1;ADBADABEABCEEEACCBDDADDCBBCCAEBAEBEBEACCCDDDE;CBECABBCDEACDCEDAAADBCDDAECBABAECBEBAEEDADEAB;BDECDAADCECCCDCCEBACBBAAAEECABABEECEBEEDCADBDBDBAA;ECDABEBDCEECDBDCCCCBCXCBAACDBAAACEBABDDEDAEBE;1;120;120;100;120;80;540;D;E;B;B;5;D;A;C;C;A;A;B;B;B;A;A;A;A;C;B;A;D;B;A;B
210055092856;2022;2;F;1;3;1;2;0;2;1;0;5300108;Brasília;53;DF;2;1;1;5300108;Brasília;53;DF;1;1;1;1;1187;1177;1181;1183;564;581.3;604.5;590.4;EEDEBCCAADADCBCDBCEDABBDBACCABAAADEBEDCCBCDBE;BBBCAEDBACCCDCECAAAEBDDEAEABDBDDCBBEACADBAEAC;BDECDBCCDCDEECCBDCBABECABAEABABAECACCEBDBDBEA;BADDCECCCEBEADCDAEBBAAEBEBDACBAECBBDCDDEDACCA;0;ADBADABEABCEEEACCBDDADDCBBCCAEBAEBEBEACCCDDDE;CBECABBCDEACDCEDAAADBCDDAECBABAECBEBAEEDADEAB;BDECDAADCECCCDCCEBACBBAAAEECABABEECEBEEDCADBDBDBAA;ECDABEBDCEECDBDCCCCBCXCBAACDBAAACEBABDDEDAEBE;1;160;180;140;160;140;780;D;E;D;D;3;E;A;B;C;A;A;B;B;B;A;A;A;A;B;A;A;D;A;A;B
210055867824;2022;6;M;1;1;2;1;0;1;;0;;;;;;;;3550308;São Paulo;35;SP;0;0;0;0;;;;;;;;;;;;;1;;;;;;;;;;;;H;D;F;B;4;E;A;B;C;A;A;B;A;A;A;B;A;A;B;B;A;C;B;B;B
210057974197;2022;5;F;1;1;1;2;0;2;;0;3301801;Engenheiro Paulo de Frontin;33;RJ;3;1;2;3303609;Paracambi;33;RJ;1;1;1;1;1086;1055;1065;1076;486.4;501.6;384.9;515.7;ACDABECACBDCEDABCDAEBCAEDBEBCADEABCDBAECDDABE;CDABEDDABCADEABCDAEBAECDBEBACEDCBAEACEBDACCEB;BDADBCADACADBCBABEABDBECDEBAEDCADBEACBCDECAEB;CDACDCAEBDAECBDDAECBDACEBADEBECDDABECEDABECDC;1;EACDDEBEACCCDABCEECBBCCAEBEDABEADBADDCBDDAAEB;DEABEEDAEBAAECBECBABCDDAAADBCEDAEACDBBCDCBECA;DCBDEEDCAAEAAACABBDBEBACCBEEECCBBDCAAADCCABEDBDECE;DBAAACEBEDAECCBECDEECBDCABECBEABDDCCDBDXCBAAC;1;160;40;40;140;40;420;B;E;C;C;4;C;A;B;C;B;A;B;A;B;A;A;A;A;D;A;B;E;A;A;B
210057666270;2022;5;F;1;1;1;1;3;1;;0;;;;;;;;5008305;Três Lagoas;50;MS;1;1;1;1;1088;1058;1067;1077;571.6;669.4;656.7;757.7;BBECBDCBEAEDCEEDEBBCCACEBBAABEECCDECACBBEADCC;DBCAAADBDECBBADDDAABCBBCAEEDAEDABBCDECBABEAAD;AADEACAABDBEBDDACBEECDEABEAABEEABACBBCBADACCB;CECABDCDEACBBEAEDDCACBBDDADCACECDCEBABAAAECAC;1;DDCBBCCDDAADBAABEDABCEEAEBAEBECBDDEBEACCEACCD;CEDAAADBAECBCDDADEABCBECAEEDAEBABBCDECBABEACD;CDBEDACDEACAABDBDBDDCABEEECEABECABEEAAACBBEBADCCCC;CCCCBXCBABECBEABDDDBDECDBDCAACEECCEBDBAAAEDAE;1;120;180;160;160;200;820;F;F;D;D;3;C;A;C;C;B;A;B;B;B;A;B;A;B;C;A;A;D;A;B;B
210056636677;2022;4;F;1;3;1;1;1;1;;0;;;;;;;;1506203;Salinópolis;15;PA;0;0;0;0;;;;;;;;;;;;;0;;;;;;;;;;;;H;C;F;A;8;B;A;B;C;A;A;B;A;A;A;A;A;A;B;B;A;C;A;A;B
210057414757;2022;13;M;1;1;1;1;16;1;;0;;;;;;;;3509601;Campo Limpo Paulista;35;SP;1;1;1;1;1088;1058;1067;1077;509.4;548.2;525.7;487.4;DDEEACDCAAEBCCEBACECBAEAACAEEDBDCCEBADBAECBCC;BECEAABCDEC*EDDACAABEBAEAEADBDDBDBBBDCDABDDCD;BCAEACAEEAECBDEEAEAEECEADBAEBCEBBAEEDCCADBCCB;CBEDCCDACDCEBBDAEDBCABDDDCDACEABACDADEBBAEADE;1;DDCBBCCDDAADBAABEDABCEEAEBAEBECBDDEBEACCEACCD;CEDAAADBAECBCDDADEABCBECAEEDAEBABBCDECBABEACD;CDBEDACDEACAABDBDBDDCABEEECEABECABEEAAACBBEBADCCCC;CCCCBXCBABECBEABDDDBDECDBDCAACEECCEBDBAAAEDAE;1;120;120;100;100;80;520;A;B;B;B;1;B;A;B;C;B;A;B;A;A;A;A;A;A;B;A;A;B;A;A;B
210056349699;2022;3;M;1;2;1;3;0;1;;1;;;;;;;;2927408;Salvador;29;BA;0;0;0;0;;;;;;;;;;;;;0;;;;;;;;;;;;E;E;C;B;2;B;A;B;C;A;A;B;B;A;A;A;A;A;B;B;A;C;A;A;B
210055173052;2022;2;F;1;3;1;3;0;1;;1;;;;;;;;2112100;Timbiras;21;MA;0;0;0;0;;;;;;;;;;;;;0;;;;;;;;;;;;E;E;A;A;5;A;A;C;D;A;C;B;B;B;A;B;A;A;B;A;A;D;A;A;B
210057362807;2022;12;M;1;2;1;1;0;1;;0;;;;;;;;3304557;Rio de Janeiro;33;RJ;0;0;0;0;;;;;;;;;;;;;0;;;;;;;;;;;;E;B;C;B;4;D;A;B;B;A;A;B;A;A;A;A;A;A;A;A;A;A;A;B;B
210056907918;2022;2;F;1;3;1;2;0;2;1;0;;;;;;;;3304557;Rio de Janeiro;33;RJ;1;1;1;1;1087;1056;1066;1078;486.6;615.7;567.8;656.1;ACBAACAEDBBCABEBCACCDADCEDACADCEEADBDBDAEADBA;ECBABADDBAECABBDCDEDACACDCDDBBBDEDCABBBDAAABB;DBDDBADBCACDDAADADECECBBBDBAACEAEDECBEABEECBA;BEECACDBDACBBADBCAAEBECBBDECDAABDAECEBADCCEAD;0;DDECDBEACCAEBEAEBBCCDDCBDDACBEACEABCEABEDADBA;ECBABCDDAAECBCBECAEBAEACDEEDABBCDDEABCEDAAADB;DECDBDCEAADDBCABEDCAAADCCECEEBABEEAAABDBCCCABEECBB;BEEDAEABDDCEBDBAAAAACXCBCCCBCCDBDEECBDCABEECD;1;160;200;140;140;200;840;E;F;D;B;2;B;A;B;C;A;A;B;B;B;A;A;A;A;B;B;A;C;B;A;B
210056238247;2022;3;M;1;1;1;1;1;1;;0;;;;;;;;2611101;Petrolina;26;PE;0;0;0;0;;;;;;;;;;;;;0;;;;;;;;;;;;E;C;D;A;2;C;A;B;C;B;A;B;A;B;A;B;A;A;B;A;A;B;A;A;B
210056183844;2022;8;F;1;0;1;1;3;1;;0;;;;;;;;2208007;Picos;22;PI;0;0;0;0;;;;;;;;;;;;;1;;;;;;;;;;;;D;B;C;B;5;B;A;B;D;A;C;B;A;A;A;A;A;A;B;A;A;D;A;A;B
210057995173;2022;3;F;1;1;1;1;1;1;;0;;;;;;;;2801405;Carira;28;SE;1;1;1;1;1087;1056;1066;1078;438.4;543.5;488.8;412.1;BDDCCDCDDEBABBEEEBCDCBCDACADBCBACEEABECECDBCB;CBBBBADDCADCAAEDCADBADACDCEDBCDDDACADCBDDAEDD;EECEC.DBBACCDBCABBADCEADDEBAECEADDECAAAADECEB;DEEDECBEBBBBEDDCDBEDDACABCAEEDEECDDCDBBEECDCE;0;DDECDBEACCAEBEAEBBCCDDCBDDACBEACEABCEABEDADBA;ECBABCDDAAECBCBECAEBAEACDEEDABBCDDEABCEDAAADB;DECDBDCEAADDBCABEDCAAADCCECEEBABEEAAABDBCCCABEECBB;BEEDAEABDDCEBDBAAAAACXCBCCCBCCDBDEECBDCABEECD;1;120;200;140;140;120;720;C;C;A;A;5;B;A;B;C;A;A;B;A;A;A;A;A;A;B;A;A;C;A;A;A
210057616805;2022;11;F;1;2;1;1;6;1;;0;;;;;;;;1302603;Manaus;13;AM;0;0;0;0;;;;;;;;;;;;;1;;;;;;;;;;;;H;E;C;B;3;B;A;B;B;A;A;B;A;A;A;A;A;A;B;A;A;C;A;A;B
210055724584;2022;3;F;1;2;1;2;0;2;;0;3301306;Casimiro de Abreu;33;RJ;2;1;1;3303500;Nova Iguaçu;33;RJ;0;0;0;0;;;;;;;;;;;;;1;;;;;;;;;;;;C;A;F;B;5;B;A;B;B;A;A;B;A;A;A;A;A;A;B;A;B;C;B;A;B
210055148570;2022;2;F;1;3;1;2;0;2;1;0;5103403;Cuiabá;51;MT;2;1;1;5108402;Várzea Grande;51;MT;1;1;1;1;1088;1058;1067;1077;441.5;490.6;534.6;506;DDACBDCCEACEBDABAEEDEABCAAACCBBCACCCABAADCCAA;BBCAAAECCEBCAEDCCCACACDCACCDDABDBEEABBABBDCCA;ADDEACAEBDEABDBBEBACEDEAAAEACDBAAADBACCDDCCEA;AECBCDCDCEBBBEDBDADEDDCECCABCDEBDADEAADCDECBC;1;DDCBBCCDDAADBAABEDABCEEAEBAEBECBDDEBEACCEACCD;CEDAAADBAECBCDDADEABCBECAEEDAEBABBCDECBABEACD;CDBEDACDEACAABDBDBDDCABEEECEABECABEEAAACBBEBADCCCC;CCCCBXCBABECBEABDDDBDECDBDCAACEECCEBDBAAAEDAE;1;120;120;120;120;160;640;E;D;B;B;5;F;A;B;D;A;A;B;B;B;A;A;A;A;C;B;A;E;A;B;B
210054977951;2022;5;F;1;2;2;1;1;1;;0;;;;;;;;5300108;Brasília;53;DF;1;1;1;1;1088;1058;1067;1077;478.3;410.3;445.6;469;EDCEEACEEABEBDCBABEDBACACAACBDCDACDBADECEBBDE;DACCDADCAA*EEDECDDECACAACADCCDCECBEDEEBABBCDB;BDCDBCCDEABCACCBCBEEDAEACECECCAEBAEBBEACBDCAB;CACAEACCDADDCBDBEDAEEBCDCDAEAAEACBAEBAEDEEDEB;0;DDCBBCCDDAADBAABEDABCEEAEBAEBECBDDEBEACCEACCD;CEDAAADBAECBCDDADEABCBECAEEDAEBABBCDECBABEACD;CDBEDACDEACAABDBDBDDCABEEECEABECABEEAAACBBEBADCCCC;CCCCBXCBABECBEABDDDBDECDBDCAACEECCEBDBAAAEDAE;1;100;100;80;60;0;340;B;B;F;B;4;C;A;B;C;A;A;B;A;A;A;B;A;A;B;A;A;E;A;A;B
210056371848;2022;16;M;2;1;1;1;0;1;;0;;;;;;;;3306305;Volta Redonda;33;RJ;0;0;0;0;;;;;;;;;;;;;0;;;;;;;;;;;;B;H;C;F;3;D;A;B;C;B;A;B;B;B;A;A;A;A;C;A;A;C;A;A;B
210057045705;2022;11;M;0;3;1;2;0;2;;0;2403251;Parnamirim;24;RN;2;1;1;2403251;Parnamirim;24;RN;1;1;1;1;1088;1058;1067;1077;525.9;579.8;541.8;653;CEBCACABDEEDEEECBBAAEDDCAABCABEBCCACAADCDBBCD;EECAAADBDEBCBDDACCACBBDCAADDBDB*EBCDEBBDCDABA;AEDECCABBDAEDEDAABEECEEAAACCBBBCBACBDBAEEBCCB;EDDCACACAAACBEABDBBECCBBCDCADEECCCDEBBBCEECAD;1;DDCBBCCDDAADBAABEDABCEEAEBAEBECBDDEBEACCEACCD;CEDAAADBAECBCDDADEABCBECAEEDAEBABBCDECBABEACD;CDBEDACDEACAABDBDBDDCABEEECEABECABEEAAACBBEBADCCCC;CCCCBXCBABECBEABDDDBDECDBDCAACEECCEBDBAAAEDAE;1;120;120;100;120;180;640;C;C;C;B;3;C;A;B;B;A;B;B;A;A;A;A;A;A;B;A;A;C;A;A;B
210056894573;2022;11;M;1;2;1;1;9;1;;0;;;;;;;;2607901;Jaboatão dos Guararapes;26;PE;1;1;1;1;1086;1055;1065;1076;450.2;560.1;549.3;618.3;EBDDDEAACEECBEDBACCDCEBBEBBBCEAECCBCDDCEEDACB;CCECEEDADDADECBDBBDBCDDCAEEEBDDACABABBDDDADCE;BCDAAEDBAEBCBDABDADDBECECCBAEDAAEDECACAEBDEEE;ABDCACCBEAACBBCDCCDDBBCDBDECACEBDAEBCBADCECAC;1;EACDDEBEACCCDABCEECBBCCAEBEDABEADBADDCBDDAAEB;DEABEEDAEBAAECBECBABCDDAAADBCEDAEACDBBCDCBECA;DCBDEEDCAAEAAACABBDBEBACCBEEECCBBDCAAADCCABEDBDECE;DBAAACEBEDAECCBECDEECBDCABECBEABDDCCDBDXCBAAC;1;120;120;80;120;120;560;B;B;C;B;2;C;A;B;B;A;B;B;B;A;A;A;A;A;B;A;A;C;A;B;B
210057980663;2022;7;M;1;2;1;1;4;1;;0;;;;;;;;3303500;Nova Iguaçu;33;RJ;0;0;0;0;;;;;;;;;;;;;1;;;;;;;;;;;;D;E;B;B;4;B;A;B;C;A;A;B;A;A;A;A;A;A;B;A;A;B;A;B;B
210055596395;2022;12;F;2;2;1;1;0;1;;0;;;;;;;;3301900;Itaboraí;33;RJ;1;1;1;1;1088;1058;1067;1077;419.8;528.3;568.4;489.5;ECEADCAEEBABADED.EABADBCBECADBCABBBCABDBEBCAB;EECACAEEDEBCDCBACCABACDCEEACBDEABEADEBAABBAEC;BCDEACAACDEDBDEAAEDCECCADACABBECCACBEADBDBCCE;ACBBCAACCCABAEAEEBEABCACBDCABECAEBDEADCAEEAAC;1;DDCBBCCDDAADBAABEDABCEEAEBAEBECBDDEBEACCEACCD;CEDAAADBAECBCDDADEABCBECAEEDAEBABBCDECBABEACD;CDBEDACDEACAABDBDBDDCABEEECEABECABEEAAACBBEBADCCCC;CCCCBXCBABECBEABDDDBDECDBDCAACEECCEBDBAAAEDAE;1;120;40;40;100;20;320;B;C;B;B;4;B;A;B;C;B;A;B;A;A;A;A;A;A;B;A;A;B;A;A;A
210055693711;2022;6;M;1;1;1;1;0;1;;0;;;;;;;;3106705;Betim;31;MG;0;0;0;0;;;;;;;;;;;;;0;;;;;;;;;;;;E;G;D;F;4;G;A;C;D;C;B;B;B;B;A;B;A;B;D;B;A;E;A;D;B
210057505575;2022;15;F;1;3;1;1;0;1;;0;;;;;;;;4314407;Pelotas;43;RS;1;1;1;1;1088;1058;1067;1077;485.4;533.7;491.4;594.4;BDDBBAECCAABCEDBABAABBAAECABCCDBADDBADACCEDDB;BBCAADEBDEBEDBAACCABAACEADAAADBABEDBEBEABCACD;AEABDCABDDBCECDAAB*ADCDADEABADECAAECBDCDDECCE;EABCADCAEEABBBAEDADBACEEEBCABDAAEDDEAACABEBAC;1;DDCBBCCDDAADBAABEDABCEEAEBAEBECBDDEBEACCEACCD;CEDAAADBAECBCDDADEABCBECAEEDAEBABBCDECBABEACD;CDBEDACDEACAABDBDBDDCABEEECEABECABEEAAACBBEBADCCCC;CCCCBXCBABECBEABDDDBDECDBDCAACEECCEBDBAAAEDAE;1;80;80;80;120;0;360;B;B;F;C;2;B;A;B;C;A;A;B;A;A;A;A;A;A;B;A;A;B;A;A;B
210057005323;2022;3;M;1;2;1;2;0;2;1;0;3550308;São Paulo;35;SP;2;1;1;3550308;São Paulo;35;SP;1;1;1;1;1086;1055;1065;1076;545.1;636.2;623.1;637.9;EDD..ECABCBCDACBCCDDCEAEABEBAECEECBBEBCEDBCBC;DEABEEDEDDADECBECAEBCDDAAADCAEDAAACABEDDBBACE;DCBDEEAEACCBBDBEBDCCDEAECEBADEAEEDACAAAEBDCEE;ACCADCEBBCACBCADCBEBBEDBBAACBBAADBBABEBECEDBB;0;EACDDEBEACCCDABCEECBBCCAEBEDABEADBADDCBDDAAEB;DEABEEDAEBAAECBECBABCDDAAADBCEDAEACDBBCDCBECA;DCBDEEDCAAEAAACABBDBEBACCBEEECCBBDCAAADCCABEDBDECE;DBAAACEBEDAECCBECDEECBDCABECBEABDDCCDBDXCBAAC;1;120;180;140;140;120;700;B;G;C;B;5;E;A;C;C;B;B;B;A;B;A;B;A;A;C;A;A;C;B;B;B
210057278590;2022;4;F;1;3;1;1;1;1;;0;;;;;;;;2301109;Aracati;23;CE;1;1;1;1;1087;1056;1066;1078;471.2;560.8;557.8;582.4;DCDCBBEBAEDCABAACBEBDABBECEBCEAAEBDBEADCBEACA;EABEBCDDBBECBDCACEDEACEEAABDAEBCCCCACDECABDDA;CEAACCBBCACADEAAADCCACEABDDACCEABDBCEDBDEEDBB;BAEAACEDDBBEEAADBBABCDBDCEABBDCECECECACBCBBAE;1;DDECDBEACCAEBEAEBBCCDDCBDDACBEACEABCEABEDADBA;ECBABCDDAAECBCBECAEBAEACDEEDABBCDDEABCEDAAADB;DECDBDCEAADDBCABEDCAAADCCECEEBABEEAAABDBCCCABEECBB;BEEDAEABDDCEBDBAAAAACXCBCCCBCCDBDEECBDCABEECD;1;120;180;120;100;140;660;E;D;D;D;5;D;A;B;D;A;B;B;A;A;A;A;A;A;B;A;A;E;A;B;B
210056882078;2022;11;M;1;3;1;1;11;1;;0;;;;;;;;2611606;Recife;26;PE;1;1;1;1;1087;1056;1066;1078;409.6;463.3;450.8;428.5;CADDCABBDABCBCCAECEBDDACECAEBDCABDBEBAACDACAB;CBDABCEBECACBBDAECBDECDACABEBEBCCAEACBEABACAD;CEECBCECCACABBACDBCADBBCCABECAEADDBCEBEEBEAEC;EEBDBDAACCEADBBDACEACCEADBCADBCEADBADDACBDACB;1;DDECDBEACCAEBEAEBBCCDDCBDDACBEACEABCEABEDADBA;ECBABCDDAAECBCBECAEBAEACDEEDABBCDDEABCEDAAADB;DECDBDCEAADDBCABEDCAAADCCECEEBABEEAAABDBCCCABEECBB;BEEDAEABDDCEBDBAAAAACXCBCCCBCCDBDEECBDCABEECD;6;0;0;0;0;0;0;B;B;B;B;4;B;A;B;C;B;B;B;A;B;A;A;A;A;B;A;A;B;A;A;B
210057515385;2022;13;M;1;3;1;1;14;1;;0;;;;;;;;1302603;Manaus;13;AM;0;0;0;0;;;;;;;;;;;;;1;;;;;;;;;;;;C;E;B;B;4;C;A;B;B;A;A;B;A;A;A;A;A;A;B;A;A;C;A;A;B
210054945103;2022;10;F;1;3;1;1;8;1;;0;;;;;;;;2109908;Santa Inês;21;MA;0;0;0;0;;;;;;;;;;;;;1;;;;;;;;;;;;E;E;F;C;4;C;A;B;C;A;A;B;A;A;A;A;A;A;B;A;A;C;A;A;B
210055280471;2022;3;F;1;3;1;2;0;2;1;0;;;;;;;;3303302;Niterói;33;RJ;0;1;1;0;;1178;1182;;;485.4;479.8;;;CDEBBAEADCEBACDEBAABBCDCBCACDEBAEACDBEDABBCEC;BCEBADAAACEDBACDABAECCAECCEABDEAEBCEBDBCDCCBA;;1;;CEDAAADBAECBCDDADEABCBECAEEDAEBABBCDECBABEACD;CDBEDACDEACAABDBDBDDCABEEECEABECABEEAAACBBEBADCCCC;;1;120;40;40;120;20;340;E;E;B;C;2;B;A;B;B;A;B;B;A;A;A;A;A;A;B;A;A;C;A;A;A
210057253980;2022;14;F;1;3;1;1;1;1;;0;;;;;;;;2606002;Garanhuns;26;PE;1;1;1;1;1086;1055;1065;1076;486.1;460.2;429.6;465.9;DEEDBCAEDDCADCBEBEAAAECCBBCBEDDABCCBCBCADDCCC;DBDBCBCDBECBBBDEBDCBCEDDBCDBCEDDDCDCBBBDDDBAA;BCDBDEBCEECBCDBDBECEEDEDCBDCCADBEDBBDCBEBBDDB;DBCADCEBBABDCDDCEDBBCDABDBBDECDDBCBDDBDBCEACC;0;EACDDEBEACCCDABCEECBBCCAEBEDABEADBADDCBDDAAEB;DEABEEDAEBAAECBECBABCDDAAADBCEDAEACDBBCDCBECA;DCBDEEDCAAEAAACABBDBEBACCBEEECCBBDCAAADCCABEDBDECE;DBAAACEBEDAECCBECDEECBDCABECBEABDDCCDBDXCBAAC;1;80;100;80;80;100;440;B;E;B;B;5;B;A;B;D;A;A;A;A;A;A;A;A;A;B;A;A;D;A;A;B
